{
  "models": {
    "ANN": {
      "file": "surrogate_model.keras",
      "is_ann": true,
      "loocv": {
        "overall_r2": 0.9935461180188552,
        "overall_mae": 91.63006438492961,
        "overall_rmse": 199.6372287000942
      }
    },
    "Random Forest": {
      "file": "model_Random_Forest.pkl",
      "is_ann": false,
      "loocv": {
        "overall_r2": 0.9116619644036821,
        "overall_mae": 359.0285034187572,
        "overall_rmse": 903.1421045650355
      }
    },
    "XGBoost": {
      "file": "model_XGBoost.pkl",
      "is_ann": false,
      "loocv": {
        "overall_r2": 0.9388538340391601,
        "overall_mae": 251.1556456094436,
        "overall_rmse": 695.5016610395604
      }
    },
    "SVR": {
      "file": "model_SVR.pkl",
      "is_ann": false,
      "loocv": {
        "overall_r2": 0.9940992091486767,
        "overall_mae": 78.64378093751068,
        "overall_rmse": 243.7624093192506
      }
    },
    "GPR": {
      "file": "model_GPR.pkl",
      "is_ann": false,
      "loocv": {
        "overall_r2": 0.9994938987332029,
        "overall_mae": 14.33425945976137,
        "overall_rmse": 43.16794944575277
      }
    },
    "Ridge": {
      "file": "model_Ridge.pkl",
      "is_ann": false,
      "loocv": {
        "overall_r2": 0.9712934491681667,
        "overall_mae": 275.9829108444542,
        "overall_rmse": 588.1351700889264
      }
    }
  },
  "preprocessing": {
    "scaler_X_file": "scaler_X2.pkl",
    "scaler_y_file": "scaler_y2.pkl",
    "log_transform_col": 1,
    "input_columns": [
      "vp_vs",
      "po"
    ],
    "output_columns": [
      "r_th",
      "p_tot"
    ]
  },
  "best_model_loocv": "GPR",
  "n_training_samples": 56
}